<?xml version="1.0" encoding="utf-8"?>
<odoo>
    <data noupdate="1">
        
        <record id="group_warehouse" model="res.groups">
            <field name="name">Group Warehouse</field>
            <field name="comment">User hanya akan melihat warehouse nya saja.</field>
        </record>
        <record id = "rule_group_warehouse" model = "ir.rule"> 
            <field name = "name"> User hanya akan melihat area nya saja </field> 
            <field name = "model_id" ref = "model_stock_warehouse" /> 
            <field name = "groups" eval = "[(4, ref ('group_warehouse'))]" /> 
            <field name = "perm_read" eval = "True" /> 
            <field name = "perm_write" eval = "True" /> 
            <field name = "perm_create" eval = "True" /> 
            <field name = "perm_unlink" eval = "True" /> 
            <field name = "domain_force"> [('area.id', '=', user.area.id)] </field> 
        </record>

        <record id = "rule_group_stock_picking_type" model = "ir.rule"> 
            <field name = "name"> User hanya akan melihat area nya saja </field> 
            <field name = "model_id" ref = "model_stock_picking_type" /> 
            <field name = "groups" eval = "[(4, ref ('group_warehouse'))]" /> 
            <field name = "perm_read" eval = "True" /> 
            <field name = "perm_write" eval = "True" /> 
            <field name = "perm_create" eval = "True" /> 
            <field name = "perm_unlink" eval = "True" /> 
            <field name = "domain_force"> [('area.id', '=', user.area.id)] </field> 
        </record>

        <!-- <record id="doc_group" model="res.groups">
            <field name="name">Grouping List Dokter</field>
            <field name="comment">Dokter hanya akan melihat pasiennya saja.</field>
        </record>
        <record id = "rule_group_doc" model = "ir.rule"> 
            <field name = "name"> Dokter hanya akan melihat pasiennya saja </field> 
            <field name = "model_id" ref = "model_tbl_poli" /> 
            <field name = "groups" eval = "[(4, ref ('doc_group'))]" /> 
            <field name = "perm_read" eval = "True" /> 
            <field name = "perm_write" eval = "True" /> 
            <field name = "perm_create" eval = "True" /> 
            <field name = "perm_unlink" eval = "True" /> 
            <field name = "domain_force"> [( 'hak_akses.name.id' , '=', user.id)] </field> 
        </record> -->


      <record id="allowed_cancel" model="ir.module.category">
        <field name="name">INVOICE</field>
      </record>

      <record id="group_allowed_cancel" model="res.groups">
          <field name="name">Can Reset INV</field>
          <field name="category_id" ref="bisa_hospital.allowed_cancel"/>
      </record>

    </data>
</odoo>