<?xml version="1.0" encoding="utf-8" ?>
<odoo>

    <record id="ir_rule_hr_allowed_operating_units" model="ir.rule">
        <field name="model_id" ref="hr.model_hr_employee" />
        <field
            name="domain_force"
        >['|',('default_operating_unit_id','=',False),('default_operating_unit_id','in', user.operating_unit_ids.ids)]</field>
        <field name="name">Allowed Operating Units for Employee</field>
        <field eval="0" name="perm_unlink" />
        <field eval="0" name="perm_write" />
        <field eval="1" name="perm_read" />
        <field eval="0" name="perm_create" />
        <field name="global" eval="True" />
    </record>

</odoo>
