<?xml version="1.0" encoding="utf-8"?>
<odoo>
    <data noupdate='1'>

        <record forcecreate="True" id="ir_cron_module_journal" model="ir.cron">
            <field name="name">Run Automate Journal</field>
            <field name="model_id" ref="bisa_verifikasi.model_tbl_verifikasi_line"/>
            <field name="state">code</field>
            <field name="active">false</field>
            <field name="code">model.action_create_journal()</field>
            <field name="user_id" ref="base.user_root"/>
            <field name="interval_number">1</field>
            <field name="interval_type">days</field>
            <field name="numbercall">-1</field>
            <field eval="False" name="doall"/>
        </record>

    </data>
</odoo>

