id,name,model_id:id,group_id:id,perm_read,perm_write,perm_create,perm_unlink
mgr_tbl_rs_honor_dokter,mgr_tbl_rs_honor_dokter,model_tbl_rs_honor_dokter,,1,1,1,1
mgr_tbl_rs_honor_detaila,mgr_tbl_rs_honor_detaila,model_tbl_rs_honor_detaila,,1,1,1,1
mgr_tbl_parameter_harga_honor_dokter_rs,mgr_tbl_parameter_harga_honor_dokter_rs,model_tbl_parameter_harga_honor_dokter_rs,,1,1,1,1
mgr_tbl_hari_besar,mgr_tbl_hari_besar,model_tbl_hari_besar,,1,1,1,1
mgr_tbl_hari_besar_detail,mgr_tbl_hari_besar_detail,model_tbl_hari_besar_detail,,1,1,1,1
mgr_tbl_tindakan_honor_dokter,mgr_tbl_tindakan_honor_dokter,model_tbl_tindakan_honor_dokter,,1,1,1,1
mgr_tbl_tindakan_honor_dokter_detail,mgr_tbl_tindakan_honor_dokter_detail,model_tbl_tindakan_honor_dokter_detail,,1,1,1,1
